[
    {
      "id": 1,
      "nama": "Irmayuni",
      "tanggallahir": "25 juni 2004",
      "alamat": "Panam",
      "noHandphone": "08776789765"
    },
    {
      "id": 2,
      "nama": "Syakila",
      "tanggallahir": "4 Mei 2005",
      "alamat": "Surabaya",
      "noHandphone": "0812-211-7616"
    },
    {
      "id": 3,
      "nama": "Vina Sintia",
      "tanggallahir": "11 Juli 2004",
      "alamat": "Malang",
      "noHandphone": "0822-9962-7516"
    },
    {
      "id": 4,
      "nama": "Fikri Ananda",
      "tanggallahir": "3 Januari 2004",
      "alamat": "Jakarta",
      "noHandphone": "0821-9962-1110"
    },
    {
      "id": 5,
      "nama": "M. Arya Nasution",
      "tanggallahir": "14 Februari 2003",
      "alamat": "Medan",
      "noHandphone": "0831-9962-7516"
    }
]